0110100,札幌中央区,43.03840424,141.3020776
0110200,札幌北区,43.13474217,141.3540459
0110300,札幌東区,43.10874312,141.4013198
0110400,札幌白石区,43.06032535,141.425173
0110500,札幌豊平区,42.99982386,141.3889528
0110600,札幌南区,42.94712214,141.1815788
0110700,札幌西区,43.0639257,141.2430712
0110800,札幌厚別区,43.04333795,141.4737773
0110900,札幌手稲区,43.11580691,141.2244691
0111000,札幌清田区,42.96204117,141.4313884
0120200,函館市,41.83752,140.9257745
0120300,小樽市,43.15639144,141.0262427
0120400,旭川市,43.75792412,142.3700776
0120500,室蘭市,42.3665009,140.988386
0120600,釧路市,43.1590634,144.0665248
0120700,帯広市,42.7573685,143.0305996
0120800,北見市,43.85161625,143.7152086
0120900,夕張市,43.04336442,142.1106388
0121000,岩見沢市,43.18087016,141.7974321
0121100,網走市,43.98566851,144.2105415
0121200,留萌市,43.88563262,141.7556015
0121300,苫小牧市,42.68226346,141.5795099
0121400,稚内市,45.33247685,141.8282271
0121500,美唄市,43.33805174,141.8818276
0121600,芦別市,43.425421,142.2015986
0121700,江別市,43.1072961,141.5439011
0121800,赤平市,43.56790103,142.0628018
0121900,紋別市,44.20318444,143.2926355
0122000,士別市,44.11522761,142.5405289
0122100,名寄市,44.33951338,142.4593072
0122200,三笠市,43.23976709,141.9927194
0122300,根室市,43.31400744,145.5815543
0122400,千歳市,42.80048279,141.5095047
0122500,滝川市,43.60837527,141.9498687
0122600,砂川市,43.50328495,141.9327296
0122700,歌志内市,43.49366179,142.0387735
0122800,深川市,43.79334885,142.0992251
0122900,富良野市,43.28182919,142.4734837
0123000,登別市,42.46560895,141.0757714
0123100,恵庭市,42.87124228,141.4641059
0123300,胆振伊達市,42.60972803,141.0175327
0123400,北広島市,42.96155199,141.5149164
0123500,石狩市,43.46581822,141.4428893
0123600,渡島北斗市,41.86410926,140.5542453
0130300,当別町,43.3636031,141.5627305
0130400,新篠津村,43.2243643,141.6149017
0133100,渡島松前町,41.51500935,140.065024
0133200,福島町,41.52555796,140.249642
0133300,知内町,41.60309836,140.3420143
0133400,木古内町,41.72764119,140.4154228
0133700,七飯町,41.94877823,140.7002641
0134300,鹿部町,42.02141841,140.7824652
0134500,渡島森町,42.07005503,140.5623016
0134600,八雲町,42.18993866,140.2005211
0134700,長万部町,42.52114732,140.3118657
0136100,檜山江差町,41.88575543,140.177345
0136200,上ノ国町,41.71386843,140.1734017
0136300,厚沢部町,41.92194565,140.343054
0136400,乙部町,42.02211695,140.1832065
0136700,奥尻町,42.1553566,139.4732066
0137000,今金町,42.44371192,140.0936796
0137100,せたな町,42.38318718,139.9018479
0139100,島牧村,42.6554429,140.0706377
0139200,寿都町,42.79093361,140.2995406
0139300,黒松内町,42.66721339,140.3637924
0139400,蘭越町,42.80031792,140.4912382
0139500,ニセコ町,42.77978943,140.674175
0139600,真狩村,42.75746575,140.7982487
0139700,留寿都村,42.71826837,140.9000055
0139800,喜茂別町,42.79828246,141.0052295
0139900,京極町,42.88771465,140.9427109
0140000,倶知安町,42.91367026,140.7795732
0140100,共和町,42.9883327,140.6273647
0140200,岩内町,42.93755194,140.4785958
0140300,泊村,43.10079776,140.515325
0140400,神恵内村,43.19372767,140.4327768
0140500,積丹町,43.28798445,140.4778126
0140600,古平町,43.18799775,140.6096457
0140700,仁木町,43.0908116,140.7350404
0140800,余市町,43.17647584,140.7740703
0140900,赤井川村,43.05522549,140.9065166
0142300,南幌町,43.05964969,141.6334172
0142400,奈井江町,43.4183177,141.9249261
0142500,上砂川町,43.44847257,142.003772
0142700,由仁町,42.94117891,141.8625484
0142800,長沼町,42.98938338,141.6949054
0142900,栗山町,43.02661104,141.8708669
0143000,月形町,43.36975011,141.6729718
0143100,浦臼町,43.43857621,141.7891481
0143200,新十津川町,43.59041869,141.7281291
0143300,妹背牛町,43.70757351,141.944697
0143400,秩父別町,43.77481631,141.9590836
0143600,雨竜町,43.69477532,141.7502506
0143700,北竜町,43.76432047,141.7909834
0143800,沼田町,43.8855536,141.9626037
0145200,鷹栖町,43.88929036,142.3364895
0145300,東神楽町,43.67421601,142.4909085
0145400,当麻町,43.81919117,142.594233
0145500,比布町,43.91855228,142.4850298
0145600,愛別町,43.94300141,142.635525
0145700,上川地方上川町,43.75097706,142.9278916
0145800,東川町,43.67287022,142.6849142
0145900,美瑛町,43.55801514,142.6118804
0146000,上富良野町,43.45395697,142.5269775
0146100,中富良野町,43.40268727,142.4291471
0146200,南富良野町,43.16697331,142.5611309
0146300,占冠村,43.0082456,142.4755493
0146400,和寒町,44.01053877,142.3744131
0146500,剣淵町,44.10358969,142.3415026
0146800,下川町,44.31357478,142.716651
0146900,美深町,44.54036314,142.3961166
0147000,音威子府村,44.71478053,142.2473367
0147100,上川中川町,44.69033348,142.0933712
0147200,幌加内町,44.23085659,142.154421
0148100,増毛町,43.78810868,141.5357661
0148200,小平町,44.05851071,141.8396093
0148300,苫前町,44.20643759,141.8366601
0148400,羽幌町,44.33556271,141.8831707
0148500,初山別村,44.50652916,141.8406127
0148600,遠別町,44.62020768,141.9334661
0148700,天塩町,44.87962703,141.8615547
0151100,猿払村,45.22537491,142.1127844
0151200,浜頓別町,45.07577556,142.3083433
0151300,中頓別町,44.91348745,142.2778783
0151400,宗谷枝幸町,44.77447423,142.5428806
0151600,豊富町,45.14581366,141.7918984
0151700,礼文町,45.37518568,141.0256859
0151800,利尻町,45.16180509,141.1960361
0151900,利尻富士町,45.18889161,141.2545095
0152000,幌延町,45.00143288,141.9522132
0154300,美幌町,43.75462399,144.1327728
0154400,津別町,43.60753346,144.0028812
0154500,斜里町,43.97723824,144.9210704
0154600,清里町,43.73300628,144.5997553
0154700,小清水町,43.81424596,144.4569317
0154900,訓子府町,43.70098011,143.7322163
0155000,置戸町,43.63209225,143.4552496
0155200,佐呂間町,44.02428455,143.7842217
0155500,遠軽町,43.90668925,143.3106875
0155900,湧別町,44.1274482,143.6063522
0156000,滝上町,44.10350344,143.0124916
0156100,興部町,44.3968453,143.0913494
0156200,西興部村,44.32059869,142.9241931
0156300,雄武町,44.53652036,142.8321186
0156400,大空町,43.83947455,144.2478241
0157100,豊浦町,42.64432526,140.6528308
0157500,壮瞥町,42.57446085,140.9566942
0157800,白老町,42.58769724,141.2426204
0158100,厚真町,42.73531192,141.9515349
0158400,洞爺湖町,42.62573549,140.8308292
0158500,安平町,42.81358043,141.8378324
0158600,むかわ町,42.75848522,142.1346507
0160100,日高地方日高町,42.72735611,142.4409762
0160200,平取町,42.7031977,142.3610762
0160400,新冠町,42.54476134,142.4830815
0160700,浦河町,42.28995313,142.8796588
0160800,様似町,42.15790935,143.0567704
0160900,えりも町,42.07189744,143.2216831
0161000,新ひだか町,42.42948591,142.6403077
0163100,音更町,43.04257334,143.2053548
0163200,士幌町,43.16539221,143.2614085
0163300,上士幌町,43.38516364,143.1932706
0163400,鹿追町,43.21455465,143.0347826
0163500,新得町,43.317478,142.8637293
0163600,十勝清水町,42.96765373,142.8827602
0163700,芽室町,42.85772471,142.9603891
0163800,中札内村,42.63929817,142.9717731
0163900,更別村,42.63156884,143.2038242
0164100,十勝大樹町,42.51129687,143.1675495
0164200,広尾町,42.32775363,143.2100746
0164300,幕別町,42.74926431,143.3175084
0164400,十勝池田町,42.98929533,143.4636806
0164500,豊頃町,42.7416374,143.4864289
0164600,本別町,43.16312134,143.5533105
0164700,足寄町,43.3747928,143.5867258
0164800,陸別町,43.51236954,143.6876077
0164900,浦幌町,42.91540528,143.6792709
0166100,釧路町,43.01651724,144.534784
0166200,厚岸町,43.12343694,144.808419
0166300,浜中町,43.15736307,145.0905062
0166400,標茶町,43.29365429,144.5603854
0166500,弟子屈町,43.54724811,144.3998834
0166700,鶴居村,43.25025201,144.2954978
0166800,白糠町,43.12655677,143.9652924
0169100,別海町,43.39189816,145.0172311
0169200,中標津町,43.58135443,144.8449267
0169300,標津町,43.73794603,144.9709676
0169400,羅臼町,44.03910939,145.1437551
0220100,青森市,40.77010827,140.7542193
0220200,弘前市,40.60513694,140.3844675
0220300,八戸市,40.47413479,141.4812768
0220400,黒石市,40.61708535,140.704664
0220500,五所川原市,40.91648785,140.4700993
0220600,十和田市,40.56681674,141.0569951
0220700,三沢市,40.74626146,141.3813051
0220800,むつ市,41.29087376,141.0333463
0220900,つがる市,40.86980626,140.3496296
0221000,平川市,40.51832556,140.7004774
0230100,平内町,40.90772231,140.9561921
0230300,今別町,41.16027283,140.5162554
0230400,蓬田村,40.99502528,140.5967012
0230700,外ヶ浜町,41.12082704,140.5244431
0232100,鰺ヶ沢町,40.6514994,140.186762
0232300,深浦町,40.60490288,140.0182916
0234300,西目屋村,40.51062065,140.2369866
0236100,藤崎町,40.67522005,140.5165099
0236200,大鰐町,40.48407696,140.5514069
0236700,田舎館村,40.64204374,140.5416565
0238100,板柳町,40.71557193,140.4811076
0238400,鶴田町,40.75647101,140.4213034
0238700,中泊町,41.04898278,140.4164853
0240100,野辺地町,40.88459286,141.1463574
0240200,七戸町,40.73159377,141.0787764
0240500,六戸町,40.62759579,141.3153841
0240600,横浜町,41.0670189,141.2849785
0240800,東北町,40.79551657,141.2347291
0241100,六ヶ所村,40.95689172,141.3310217
0241200,おいらせ町,40.62616699,141.4019248
0242300,大間町,41.47629443,140.9275396
0242400,東通村,41.27829214,141.3519662
0242500,風間浦村,41.46401034,141.0142859
0242600,佐井村,41.35273244,140.8551592
0244100,三戸町,40.37706359,141.1755656
0244200,五戸町,40.50815422,141.2967218
0244300,田子町,40.30909426,141.0499711
0244500,青森南部町,40.42220907,141.3470253
0244600,階上町,40.43036905,141.584141
0245000,新郷村,40.44730133,141.1075678
0320100,盛岡市,39.74545076,141.2691591
0320200,宮古市,39.62936125,141.7255141
0320300,大船渡市,39.10708584,141.7500601
0320500,花巻市,39.44186371,141.1675236
0320600,北上市,39.30765015,141.0079641
0320700,久慈市,40.14362829,141.6591329
0320800,遠野市,39.3647802,141.5092448
0320900,一関市,38.9450648,141.2297856
0321000,陸前高田市,39.04093283,141.576872
0321100,釜石市,39.28749474,141.798351
0321300,二戸市,40.23798047,141.1957605
0321400,八幡平市,40.02389752,140.9911287
0321500,奥州市,39.12961447,141.0947814
0321600,滝沢市,39.79035651,141.0726086
0330100,雫石町,39.70399277,140.91331
0330200,葛巻町,40.00665406,141.4394811
0330300,岩手町,39.95335386,141.266027
0332100,紫波町,39.5484079,141.158964
0332200,矢巾町,39.61146597,141.1242286
0336600,西和賀町,39.39079989,140.7908357
0338100,金ケ崎町,39.19402023,141.0181645
0340200,平泉町,38.98890626,141.104044
0344100,住田町,39.18010315,141.5504773
0346100,大槌町,39.42602298,141.8140523
0348200,山田町,39.4842977,141.9072302
0348300,岩泉町,39.84865954,141.6765563
0348400,田野畑村,39.92462169,141.8731409
0348500,普代村,40.00258753,141.8667948
0350100,軽米町,40.30353261,141.4889463
0350300,野田村,40.06871932,141.7951228
0350600,九戸村,40.19622656,141.4334689
0350700,岩手洋野町,40.32627741,141.6712514
0352400,一戸町,40.1428047,141.279171
0410100,仙台青葉区,38.33074168,140.7027169
0410200,仙台宮城野区,38.27393126,140.9560254
0410300,仙台若林区,38.22530965,140.9395738
0410400,仙台太白区,38.26097807,140.6795088
0410500,仙台泉区,38.35376632,140.7997878
0420200,石巻市,38.47964362,141.3718515
0420300,塩竈市,38.32621597,141.0387526
0420500,気仙沼市,38.87610465,141.5346537
0420600,白石市,37.99690948,140.5794567
0420700,名取市,38.16724084,140.8668713
0420800,角田市,37.98827453,140.7790521
0420900,多賀城市,38.29535709,140.9991348
0421100,岩沼市,38.10934628,140.8745356
0421200,登米市,38.68581792,141.2574817
0421300,栗原市,38.80894376,140.9403656
0421400,東松島市,38.41115601,141.1772844
0421500,大崎市,38.68005736,140.8466868
0421600,富谷市,38.37958135,140.9013847
0430100,蔵王町,38.106457,140.5912734
0430200,七ヶ宿町,38.01752478,140.4060864
0432100,大河原町,38.05208618,140.7151525
0432200,村田町,38.12721034,140.7301516
0432300,柴田町,38.08574451,140.787744
0432400,宮城川崎町,38.19863157,140.5914653
0434100,丸森町,37.87347323,140.755247
0436100,亘理町,38.0414159,140.8741373
0436200,山元町,37.94569081,140.8855882
0440100,松島町,38.40359256,141.0759597
0440400,七ヶ浜町,38.30006553,141.0598698
0440600,利府町,38.34249197,140.9864424
0442100,大和町,38.43294049,140.8182084
0442200,大郷町,38.43429425,141.0000925
0442400,大衡村,38.47981096,140.8718552
0444400,色麻町,38.52048536,140.7799701
0444500,宮城加美町,38.59425558,140.6969477
0450100,涌谷町,38.55921753,141.1536474
0450500,宮城美里町,38.5201808,141.092991
0458100,女川町,38.44202091,141.4554201
0460600,南三陸町,38.6847557,141.4519983
0520100,秋田市,39.71041286,140.2320212
0520200,能代市,40.20289678,140.1448136
0520300,横手市,39.28360236,140.5442786
0520400,大館市,40.29011477,140.5546501
0520600,男鹿市,39.93791658,139.8361376
0520700,湯沢市,39.03657792,140.5426858
0520900,鹿角市,40.21035264,140.8302976
0521000,由利本荘市,39.29336344,140.1649819
0521100,潟上市,39.87264694,140.0490771
0521200,大仙市,39.5370943,140.4413945
0521300,北秋田市,40.0551169,140.4646518
0521400,にかほ市,39.19680486,139.9729945
0521500,仙北市,39.76051024,140.6685721
0530300,小坂町,40.3992161,140.7797036
0532700,上小阿仁村,39.96201707,140.3186005
0534600,藤里町,40.359354,140.2508882
0534800,三種町,40.07067164,140.1067873
0534900,八峰町,40.36255255,140.0683923
0536100,五城目町,39.9267359,140.203853
0536300,八郎潟町,39.95913856,140.0807245
0536600,井川町,39.89509626,140.1233228
0536800,大潟村,40.00152521,140.0021241
0543400,秋田美郷町,39.42824394,140.5959473
0546300,羽後町,39.18397799,140.3500295
0546400,東成瀬村,39.10209027,140.7278358
0620100,山形市,38.24609875,140.3689638
0620200,米沢市,37.84727393,140.1165258
0620300,鶴岡市,38.58507735,139.8083598
0620400,酒田市,38.92489355,139.9839269
0620500,新庄市,38.78818552,140.3399045
0620600,寒河江市,38.43446363,140.2317089
0620700,上山市,38.12578464,140.3055284
0620800,村山市,38.51671362,140.3351985
0620900,長井市,38.13740525,139.981856
0621000,天童市,38.35819033,140.3965372
0621100,東根市,38.4255884,140.4667148
0621200,尾花沢市,38.59361919,140.4768269
0621300,南陽市,38.10319299,140.156101
0630100,山辺町,38.28022136,140.214955
0630200,中山町,38.33097371,140.2597486
0632100,河北町,38.43017327,140.3010206
0632200,西川町,38.42492612,140.0235383
0632300,山形朝日町,38.28047072,140.0653817
0632400,大江町,38.35475682,140.0855339
0634100,大石田町,38.59766249,140.3360938
0636100,山形金山町,38.90286997,140.3716959
0636200,最上町,38.7682267,140.5268993
0636300,舟形町,38.67967381,140.3257012
0636400,真室川町,38.95606375,140.2436553
0636500,大蔵村,38.59399661,140.1719319
0636600,鮭川村,38.82606081,140.1968767
0636700,戸沢村,38.71921305,140.1220102
0638100,高畠町,37.99041848,140.2159005
0638200,山形川西町,37.97173705,140.0235886
0640100,山形小国町,38.04078239,139.7748666
0640200,白鷹町,38.20054839,140.0826176
0640300,飯豊町,37.93832395,139.8971274
0642600,三川町,38.79521692,139.8502004
0642800,庄内町,38.70553577,140.0010075
0646100,遊佐町,39.05839238,139.951621
0720100,福島市,37.78642955,140.3885085
0720200,会津若松市,37.45064332,139.9680459
0720300,郡山市,37.41277043,140.295082
0720400,いわき市,37.07765662,140.7861029
0720500,白河市,37.12225767,140.2496403
0720700,須賀川市,37.29342948,140.3169235
0720800,喜多方市,37.70302949,139.843882
0720900,相馬市,37.78264574,140.8764303
0721000,二本松市,37.5840265,140.4954538
0721100,田村市,37.42355515,140.6715346
0721200,南相馬市,37.6311105,140.9285228
0721300,福島伊達市,37.79951892,140.6143483
0721400,本宮市,37.50479963,140.4188451
0730100,桑折町,37.85885731,140.5058845
0730300,国見町,37.88875537,140.5511582
0730800,川俣町,37.64376104,140.6283489
0732200,大玉村,37.55858594,140.3344629
0734200,鏡石町,37.24456889,140.3517197
0734400,天栄村,37.26137199,140.0878018
0736200,下郷町,37.2565616,139.8796245
0736400,檜枝岐村,37.03239436,139.3324649
0736700,只見町,37.29144991,139.3478246
0736800,南会津町,37.13675999,139.6062366
0740200,北塩原村,37.68979513,140.0484954
0740500,西会津町,37.63555671,139.6479862
0740700,磐梯町,37.57830718,140.0057991
0740800,猪苗代町,37.59451921,140.1560097
0742100,会津坂下町,37.56891319,139.8006459
0742200,湯川村,37.56728898,139.8822802
0742300,柳津町,37.45667062,139.7088245
0744400,三島町,37.44188101,139.6380667
0744500,福島金山町,37.43356853,139.4869342
0744600,福島昭和村,37.30908787,139.6366093
0744700,会津美里町,37.40864846,139.8128966
0746100,西郷村,37.16592086,140.0935709
0746400,泉崎村,37.15860012,140.2951122
0746500,中島村,37.14841938,140.3655602
0746600,矢吹町,37.19390637,140.347032
0748100,棚倉町,37.00250618,140.343044
0748200,矢祭町,36.86302388,140.4288999
0748300,塙町,36.92644291,140.4585874
0748400,鮫川村,37.01238644,140.510709
0750100,石川町,37.14554184,140.4613513
0750200,玉川村,37.21665086,140.4499926
0750300,平田村,37.21107384,140.5573308
0750400,浅川町,37.0811614,140.425881
0750500,古殿町,37.08999598,140.5836045
0752100,三春町,37.44092308,140.4964487
0752200,小野町,37.28627841,140.612581
0754100,福島広野町,37.21982844,140.9525529
0754200,楢葉町,37.28167695,140.9488334
0754300,富岡町,37.34922268,140.9743043
0754400,川内村,37.33228416,140.8103457
0754500,大熊町,37.40113761,140.9485958
0754600,双葉町,37.44359037,140.9759122
0754700,浪江町,37.51693856,140.8642702
0754800,葛尾村,37.50903782,140.7770187
0756100,新地町,37.86684077,140.9008402
0756400,飯舘村,37.67815782,140.7483573
0820100,水戸市,36.37052466,140.4356091
0820200,日立市,36.62486482,140.6187402
0820300,土浦市,36.09828368,140.1947774
0820400,茨城古河市,36.17975472,139.7753424
0820500,石岡市,36.22784703,140.2177537
0820700,結城市,36.26127081,139.8640323
0820800,龍ケ崎市,35.9224886,140.1853202
0821000,下妻市,36.18743707,139.9664215
0821100,常総市,36.06409286,139.9639604
0821200,常陸太田市,36.64835739,140.5053578
0821400,高萩市,36.76919349,140.6209129
0821500,北茨城市,36.8398765,140.6874007
0821600,笠間市,36.35652066,140.2693619
0821700,取手市,35.9128646,140.0800876
0821900,牛久市,35.97176463,140.1857305
0822000,つくば市,36.10531906,140.0817376
0822100,ひたちなか市,36.39604561,140.5583487
0822200,茨城鹿嶋市,35.99923965,140.6218052
0822300,潮来市,35.96191485,140.5613217
0822400,守谷市,35.94797205,139.9754269
0822500,常陸大宮市,36.61371151,140.3398967
0822600,那珂市,36.46837509,140.4759793
0822700,筑西市,36.28938447,139.9869244
0822800,坂東市,36.06384099,139.8878658
0822900,稲敷市,35.9486408,140.3720149
0823000,かすみがうら市,36.10985779,140.299326
0823100,桜川市,36.32752956,140.1079141
0823200,神栖市,35.85112754,140.7117578
0823300,行方市,36.06607452,140.4682163
0823400,鉾田市,36.17357121,140.5197138
0823500,つくばみらい市,35.98201495,140.0381186
0823600,小美玉市,36.20395394,140.3598045
0830200,茨城町,36.28046796,140.4341004
0830900,大洗町,36.29732068,140.5545746
0831000,城里町,36.47974485,140.3094563
0834100,東海村,36.46058774,140.5808579
0836400,大子町,36.79799705,140.3456211
0844200,美浦村,36.01842476,140.3321895
0844300,阿見町,36.01413764,140.2254873
0844700,河内町,35.8827334,140.2797965
0852100,八千代町,36.17839348,139.8937219
0854200,五霞町,36.10802865,139.7485871
0854600,境町,36.11015317,139.8108979
0856400,利根町,35.86613176,140.167965
0920100,宇都宮市,36.59687524,139.8865718
0920200,足利市,36.3593208,139.4529862
0920300,栃木市,36.37292191,139.6895067
0920400,佐野市,36.42406715,139.5357792
0920500,鹿沼市,36.5755097,139.6414874
0920600,日光市,36.8188482,139.5811758
0920800,小山市,36.30800177,139.8019471
0920900,真岡市,36.42487526,139.9968324
0921000,大田原市,36.86130299,140.1191548
0921100,矢板市,36.82746781,139.8980961
0921300,那須塩原市,36.99085148,139.9105202
0921400,栃木さくら市,36.72362685,140.0029031
0921500,那須烏山市,36.66270133,140.1340544
0921600,下野市,36.40196918,139.8612952
0930100,上三川町,36.44547974,139.9106109
0934200,益子町,36.46045468,140.1099193
0934300,茂木町,36.52165706,140.1899466
0934400,市貝町,36.55901441,140.1043096
0934500,芳賀町,36.55197961,140.0405774
0936100,壬生町,36.457533,139.8049694
0936400,野木町,36.22888736,139.7378558
0938400,塩谷町,36.79647093,139.8151875
0938600,高根沢町,36.63010017,140.0168031
0940700,那須町,37.04289058,140.0925423
0941100,栃木那珂川町,36.75417478,140.1834623
1020100,前橋市,36.43213279,139.1275187
1020200,高崎市,36.37636616,138.900892
1020300,桐生市,36.48376009,139.3060524
1020400,伊勢崎市,36.32126029,139.2182255
1020500,太田市,36.30637034,139.3393073
1020600,沼田市,36.6737185,139.1835255
1020700,館林市,36.24597682,139.5353226
1020800,渋川市,36.52914335,139.0145235
1020900,藤岡市,36.19213172,138.9991792
1021000,富岡市,36.25852245,138.8461791
1021100,安中市,36.34079462,138.7764609
1021200,みどり市,36.53044133,139.3472749
1034400,榛東村,36.44311504,138.9567485
1034500,吉岡町,36.44997428,138.99817
1036600,群馬上野村,36.06528015,138.7201379
1036700,神流町,36.11168069,138.8656615
1038200,下仁田町,36.22714342,138.722812
1038300,群馬南牧村,36.16173971,138.6856692
1038400,甘楽町,36.20991061,138.9032768
1042100,中之条町,36.65451988,138.721922
1042400,長野原町,36.50506507,138.6259991
1042500,嬬恋村,36.51644093,138.4938985
1042600,草津町,36.61810613,138.5751868
1042800,群馬高山村,36.62190546,138.9416742
1042900,東吾妻町,36.52641867,138.7852001
1044300,片品村,36.84157788,139.2607588
1044400,川場村,36.73103094,139.1293449
1044800,群馬昭和村,36.61264768,139.1008368
1044900,みなかみ町,36.83229063,139.0049136
1046400,玉村町,36.30221875,139.1263209
1052100,板倉町,36.2288284,139.6201807
1052200,群馬明和町,36.20691762,139.5341954
1052300,千代田町,36.21300037,139.4501469
1052400,大泉町,36.24972279,139.4070295
1052500,邑楽町,36.25510152,139.4612927
1110100,さいたま西区,35.90932064,139.5749897
1110200,さいたま北区,35.93911432,139.6151077
1110300,さいたま大宮区,35.90646135,139.6238545
1110400,さいたま見沼区,35.9270703,139.6662865
1110500,さいたま中央区,35.88132321,139.6247576
1110600,さいたま桜区,35.86016981,139.6072991
1110700,さいたま浦和区,35.87334485,139.6532355
1110800,さいたま南区,35.8461561,139.6603781
1110900,さいたま緑区,35.88449193,139.7012619
1111000,さいたま岩槻区,35.94442129,139.7132214
1120100,川越市,35.91149928,139.4792275
1120200,熊谷市,36.16028465,139.3725552
1120300,川口市,35.83314358,139.7330565
1120600,行田市,36.14801732,139.4699162
1120700,秩父市,35.95965896,138.9334613
1120800,所沢市,35.79946211,139.4578782
1120900,飯能市,35.88817882,139.2201221
1121000,加須市,36.13659325,139.6200156
1121100,本庄市,36.19925615,139.146262
1121200,東松山市,36.03183712,139.3913762
1121400,春日部市,35.98269884,139.7757345
1121500,狭山市,35.85882576,139.4207828
1121600,羽生市,36.1725098,139.5533839
1121700,鴻巣市,36.07885956,139.5034675
1121800,深谷市,36.18068024,139.2656763
1121900,上尾市,35.97043309,139.5815863
1122100,草加市,35.83868868,139.8021597
1122200,越谷市,35.90108196,139.7902271
1122300,蕨市,35.82444761,139.6861162
1122400,戸田市,35.81477087,139.6569821
1122500,入間市,35.81801024,139.3675626
1122700,朝霞市,35.80918682,139.5973172
1122800,志木市,35.83698997,139.5834632
1122900,和光市,35.78934738,139.6198147
1123000,新座市,35.78942772,139.5596205
1123100,桶川市,36.00303032,139.5499901
1123200,久喜市,36.0770804,139.6495123
1123300,北本市,36.0261513,139.5304293
1123400,八潮市,35.81933064,139.8394157
1123500,富士見市,35.85447657,139.554475
1123700,三郷市,35.83221488,139.8718474
1123800,蓮田市,36.00146996,139.6498099
1123900,坂戸市,35.96355693,139.4002413
1124000,幸手市,36.07081037,139.7402152
1124100,鶴ヶ島市,35.9357225,139.3945386
1124200,日高市,35.89649756,139.3392655
1124300,吉川市,35.89512749,139.8608943
1124500,ふじみ野市,35.86505601,139.5152313
1124600,白岡市,36.02414983,139.6675885
1130100,伊奈町,35.99784602,139.620032
1132400,埼玉三芳町,35.83290912,139.5158341
1132600,毛呂山町,35.9350121,139.3073381
1132700,越生町,35.96060627,139.2660603
1134100,滑川町,36.07037946,139.3559486
1134200,嵐山町,36.05643147,139.3148717
1134300,小川町,36.05474615,139.2488067
1134600,川島町,35.98399557,139.4840548
1134700,吉見町,36.04431916,139.4552903
1134800,鳩山町,35.98776171,139.3338514
1134900,ときがわ町,35.99893767,139.2413523
1136100,横瀬町,35.96885683,139.1290709
1136200,皆野町,36.07844382,139.0908858
1136300,長瀞町,36.11751858,139.116849
1136500,小鹿野町,36.02154922,138.9292296
1136900,東秩父村,36.04624533,139.1824335
1138100,埼玉美里町,36.17174046,139.1736272
1138300,埼玉神川町,36.16087718,139.0576894
1138500,上里町,36.25061886,139.135065
1140800,寄居町,36.11132315,139.2028088
1144200,宮代町,36.02265308,139.7166227
1146400,杉戸町,36.03410492,139.7547064
1146500,松伏町,35.93641276,139.8255482
1210100,千葉中央区,35.58435987,140.1293971
1210200,千葉花見川区,35.67635687,140.0914077
1210300,千葉稲毛区,35.64860252,140.1131158
1210400,千葉若葉区,35.61040244,140.2050747
1210500,千葉緑区,35.54457893,140.22947
1210600,千葉美浜区,35.63353571,140.0616226
1220200,銚子市,35.74292805,140.7758217
1220300,市川市,35.71882099,139.9328355
1220400,船橋市,35.72653434,140.0189283
1220500,館山市,34.97162252,139.8617964
1220600,木更津市,35.36984077,139.9874119
1220700,松戸市,35.79574355,139.9290784
1220800,野田市,35.98516536,139.8621506
1221000,茂原市,35.44981464,140.3016257
1221100,成田市,35.8154591,140.3575841
1221200,千葉佐倉市,35.70619581,140.2132537
1221300,東金市,35.56517617,140.3670636
1221500,旭市,35.73424236,140.65575
1221600,習志野市,35.680888,140.0341475
1221700,柏市,35.8601604,139.9938694
1221800,勝浦市,35.17517403,140.2676157
1221900,市原市,35.42495002,140.1371865
1222000,流山市,35.87337114,139.9140971
1222100,八千代市,35.73920916,140.1050248
1222200,我孫子市,35.86947004,140.0650973
1222300,鴨川市,35.12987618,140.0777287
1222400,鎌ケ谷市,35.77289349,139.9988187
1222500,君津市,35.26301155,140.0240995
1222600,富津市,35.22599765,139.9005154
1222700,浦安市,35.64279261,139.9017761
1222800,四街道市,35.67167862,140.1791136
1222900,袖ケ浦市,35.41647074,140.017661
1223000,八街市,35.64241493,140.2968592
1223100,印西市,35.79796171,140.1803377
1223200,白井市,35.80164476,140.0600643
1223300,富里市,35.7202592,140.3408116
1223400,南房総市,35.03658283,139.9284567
1223500,匝瑳市,35.6998426,140.5536709
1223600,香取市,35.85347641,140.5399433
1223700,山武市,35.62397331,140.4208276
1223800,いすみ市,35.27777337,140.3433014
1223900,大網白里市,35.51283292,140.3428283
1232200,酒々井町,35.72927942,140.278025
1232900,栄町,35.84403794,140.2426671
1234200,神崎町,35.88624053,140.4084123
1234700,多古町,35.75707611,140.4711111
1234900,東庄町,35.81364584,140.6731772
1240300,九十九里町,35.53332148,140.43384
1240900,芝山町,35.7215089,140.4102255
1241000,横芝光町,35.66083178,140.4947295
1242100,一宮町,35.36151873,140.3708545
1242200,睦沢町,35.35280479,140.3022468
1242300,長生村,35.40708228,140.3577432
1242400,白子町,35.45010419,140.379313
1242600,長柄町,35.44589771,140.2133847
1242700,長南町,35.37519752,140.2430068
1244100,大多喜町,35.24288585,140.2138515
1244300,御宿町,35.19643433,140.340653
1246300,鋸南町,35.13241483,139.8718945
1310100,東京千代田区,35.68759537,139.7548781
1310200,東京中央区,35.67071636,139.7766725
1310300,東京港区,35.65147666,139.7392855
1310400,東京新宿区,35.70107117,139.7089733
1310500,東京文京区,35.71745657,139.7472853
1310600,東京台東区,35.71548266,139.7859812
1310700,東京墨田区,35.71221089,139.8154731
1310800,東京江東区,35.65966447,139.8149707
1310900,東京品川区,35.60974423,139.7330348
1311000,東京目黒区,35.62997366,139.6882332
1311100,東京大田区,35.56772171,139.7327297
1311200,東京世田谷区,35.63971467,139.6350708
1311300,東京渋谷区,35.66788403,139.6962769
1311400,東京中野区,35.71091853,139.662476
1311500,東京杉並区,35.69681654,139.6254263
1311600,東京豊島区,35.73153051,139.7116371
1311700,東京北区,35.76589861,139.7289216
1311800,東京荒川区,35.73993176,139.7812909
1311900,東京板橋区,35.77257546,139.6764653
1312000,東京練馬区,35.74784909,139.6176717
1312100,東京足立区,35.77880801,139.7950829
1312200,東京葛飾区,35.75324838,139.8556712
1312300,東京江戸川区,35.69234683,139.8756463
1320100,八王子市,35.65981347,139.287689
1320200,立川市,35.71446892,139.4045304
1320300,武蔵野市,35.70813888,139.5616208
1320400,三鷹市,35.68466747,139.5603865
1320500,青梅市,35.80358782,139.2419709
1320600,東京府中市,35.67049985,139.4831571
1320700,昭島市,35.70783444,139.3641625
1320800,調布市,35.65768557,139.5521846
1320900,町田市,35.57614648,139.4303668
1321000,小金井市,35.70108851,139.5110391
1321100,小平市,35.727387,139.4817215
1321200,日野市,35.66333412,139.3986453
1321300,東村山市,35.75923214,139.4724369
1321400,国分寺市,35.70552324,139.4612457
1321500,国立市,35.68634193,139.4387712
1321800,福生市,35.73603141,139.3364257
1321900,狛江市,35.63487372,139.577225
1322000,東大和市,35.75031283,139.426598
1322100,清瀬市,35.78144442,139.5222148
1322200,東久留米市,35.75387681,139.5198626
1322300,武蔵村山市,35.75036122,139.3839124
1322400,多摩市,35.63058993,139.4398597
1322500,稲城市,35.63291139,139.4929056
1322700,羽村市,35.76403745,139.3153827
1322800,あきる野市,35.73282678,139.2253674
1322900,西東京市,35.73485823,139.5462341
1330300,瑞穂町,35.77425975,139.3492741
1330500,日の出町,35.75872149,139.2263712
1330700,檜原村,35.72500774,139.1044785
1330800,奥多摩町,35.82257327,139.0554731
1336100,伊豆大島町,34.73750731,139.398833
1336200,東京利島村,34.52263981,139.2792587
1336300,新島村,34.37110811,139.2593202
1336400,神津島村,34.21418109,139.1476938
1338100,三宅村,34.08501658,139.5209588
1338200,御蔵島村,33.87469238,139.6030304
1340100,八丈町,33.10725054,139.7931767
1340200,青ヶ島村,32.45734246,139.7664476
1342100,小笠原村,26.28701596,142.0537658
1410100,横浜鶴見区,35.50054619,139.6773631
1410200,横浜神奈川区,35.48553862,139.6190391
1410300,横浜西区,35.45680675,139.618596
1410400,横浜中区,35.42897085,139.6578078
1410500,横浜南区,35.42842062,139.6019404
1410600,横浜保土ケ谷区,35.46122183,139.5782938
1410700,横浜磯子区,35.3923163,139.6140969
1410800,横浜金沢区,35.34891928,139.6232513
1410900,横浜港北区,35.52800749,139.6228423
1411000,横浜戸塚区,35.40326466,139.5312517
1411100,横浜港南区,35.39418559,139.5782602
1411200,横浜旭区,35.47651887,139.5274892
1411300,横浜緑区,35.51545677,139.5262915
1411400,横浜瀬谷区,35.46885266,139.4880762
1411500,横浜栄区,35.36192263,139.5569335
1411600,横浜泉区,35.42067404,139.4992957
1411700,横浜青葉区,35.55895607,139.5240236
1411800,横浜都筑区,35.54019435,139.5776351
1413100,川崎川崎区,35.51487286,139.7378356
1413200,川崎幸区,35.54516501,139.6800326
1413300,川崎中原区,35.57467576,139.6529116
1413400,川崎高津区,35.59222445,139.6152883
1413500,川崎多摩区,35.61851259,139.5505995
1413600,川崎宮前区,35.58617784,139.5784004
1413700,川崎麻生区,35.59909755,139.4987123
1415100,相模原緑区,35.57017778,139.19596
1415200,相模原中央区,35.56258011,139.3665747
1415300,相模原南区,35.52680538,139.4066406
1420100,横須賀市,35.24982895,139.6604209
1420300,平塚市,35.35096262,139.3201773
1420400,鎌倉市,35.32998248,139.5379638
1420500,藤沢市,35.36811607,139.4589871
1420600,小田原市,35.26296737,139.1441275
1420700,茅ヶ崎市,35.34428253,139.4095737
1420800,逗子市,35.29900909,139.5912537
1421000,三浦市,35.16752268,139.6409762
1421100,秦野市,35.40015209,139.2030375
1421200,厚木市,35.4651367,139.3270636
1421300,大和市,35.47376127,139.4565187
1421400,伊勢原市,35.41011534,139.2920259
1421500,海老名市,35.4376212,139.3930614
1421600,座間市,35.48752636,139.4092393
1421700,南足柄市,35.30990643,139.0701385
1421800,綾瀬市,35.43995987,139.4308847
1430100,葉山町,35.27127689,139.6005992
1432100,寒川町,35.3755281,139.3856151
1434100,大磯町,35.31667669,139.2887088
1434200,二宮町,35.30789963,139.2495747
1436100,中井町,35.33608407,139.2151744
1436200,神奈川大井町,35.33502514,139.1653538
1436300,松田町,35.3921699,139.1308238
1436400,山北町,35.42478229,139.0453952
1436600,開成町,35.33503639,139.1248556
1438200,箱根町,35.23226606,139.0314112
1438300,真鶴町,35.16548629,139.133498
1438400,湯河原町,35.16624028,139.0790042
1440100,愛川町,35.52884157,139.2990729
1440200,清川村,35.48707365,139.2289713
1510100,新潟北区,37.92336274,139.1988707
1510200,新潟東区,37.92800094,139.1066047
1510300,新潟中央区,37.90439864,139.0485067
1510400,新潟江南区,37.86320972,139.1065581
1510500,新潟秋葉区,37.7859491,139.1114051
1510600,新潟南区,37.76874025,139.0225998
1510700,新潟西区,37.84817046,138.9515377
1510800,新潟西蒲区,37.75979282,138.8963149
1520200,長岡市,37.43438547,138.8569804
1520400,三条市,37.54067208,139.0898395
1520500,柏崎市,37.32368323,138.5992683
1520600,新発田市,37.90733481,139.427858
1520800,小千谷市,37.2912998,138.8005486
1520900,加茂市,37.62210032,139.1106734
1521000,十日町市,37.09068583,138.7020528
1521100,見附市,37.52770866,138.9319114
1521200,村上市,38.31023972,139.6173485
1521300,燕市,37.66545092,138.8861792
1521600,糸魚川市,36.96626511,137.8940311
1521700,妙高市,36.9322777,138.1876604
1521800,五泉市,37.65649615,139.2263361
1522200,上越市,37.12020903,138.3374417
1522300,阿賀野市,37.81424955,139.2591995
1522400,佐渡市,38.04436682,138.3898542
1522500,魚沼市,37.22087964,139.0979514
1522600,南魚沼市,37.05587141,138.9373485
1522700,胎内市,38.00579538,139.4806312
1530700,聖籠町,37.98339117,139.2662397
1534200,弥彦村,37.69079486,138.8375799
1536100,田上町,37.70114491,139.0703425
1538500,阿賀町,37.66504324,139.4641151
1540500,出雲崎町,37.52656016,138.714727
1546100,湯沢町,36.8556595,138.8007245
1548200,津南町,36.97096223,138.6417221
1550400,刈羽村,37.42342636,138.6404606
1558100,関川村,38.06426841,139.6011607
1558600,粟島浦村,38.46260145,139.2403431
1620100,富山市,36.54661548,137.2993375
1620200,高岡市,36.74003224,136.9663723
1620400,魚津市,36.75981194,137.4914445
1620500,氷見市,36.86496194,136.9428736
1620600,滑川市,36.75185444,137.3821747
1620700,黒部市,36.76880038,137.6162554
1620800,砺波市,36.61868891,136.9906942
1620900,小矢部市,36.66233387,136.8548298
1621000,南砺市,36.45323734,136.9195769
1621100,射水市,36.72322647,137.0877826
1632100,舟橋村,36.70087455,137.3065701
1632200,上市町,36.66059412,137.4765166
1632300,立山町,36.60160898,137.5119157
1634200,入善町,36.91203444,137.5122393
1634300,富山朝日町,36.89226687,137.6503805
1720100,金沢市,36.5193405,136.7081704
1720200,七尾市,37.07846772,136.9286352
1720300,小松市,36.31104543,136.498433
1720400,輪島市,37.33755507,136.8875507
1720500,珠洲市,37.45533306,137.2258496
1720600,加賀市,36.25502161,136.3796368
1720700,羽咋市,36.91137261,136.8163198
1720900,かほく市,36.74366372,136.7328835
1721000,白山市,36.27561353,136.6696417
1721100,能美市,36.43594231,136.5444565
1721200,野々市市,36.52520112,136.6056076
1732400,川北町,36.46921665,136.5366066
1736100,津幡町,36.69285357,136.7688481
1736500,内灘町,36.66400269,136.6574188
1738400,志賀町,37.08920851,136.771468
1738600,宝達志水町,36.82601985,136.8037069
1740700,中能登町,36.97104601,136.8975592
1746100,穴水町,37.23530084,136.9361657
1746300,能登町,37.3300607,137.0952749
1820100,福井市,36.04246489,136.2181297
1820200,敦賀市,35.63747031,136.0805943
1820400,小浜市,35.46885357,135.7481336
1820500,大野市,35.90837811,136.6169571
1820600,勝山市,36.08440207,136.5217701
1820700,鯖江市,35.95932271,136.2183418
1820800,あわら市,36.22774975,136.2515547
1820900,越前市,35.88946758,136.1772221
1821000,福井坂井市,36.164065,136.2552136
1832200,永平寺町,36.07793024,136.3549565
1838200,福井池田町,35.86845385,136.3681059
1840400,南越前町,35.7720987,136.2132812
1842300,越前町,35.95897685,136.0563529
1844200,福井美浜町,35.59691053,135.9744195
1848100,高浜町,35.49213929,135.5154996
1848300,福井おおい町,35.41472933,135.6328325
1850100,福井若狭町,35.51178225,135.8805994
1920100,甲府市,35.69723632,138.5877066
1920200,富士吉田市,35.43889965,138.7935104
1920400,都留市,35.5366079,138.9148891
1920500,山梨市,35.79691716,138.697423
1920600,大月市,35.6428548,138.9199184
1920700,韮崎市,35.71772267,138.4119958
1920800,南アルプス市,35.65065234,138.3541711
1920900,山梨北杜市,35.83717694,138.3937488
1921000,甲斐市,35.71700233,138.5184441
1921100,笛吹市,35.5995552,138.6806636
1921200,上野原市,35.6342393,139.0637807
1921300,甲州市,35.72648127,138.7917689
1921400,中央市,35.58418921,138.5410901
1934600,市川三郷町,35.53245233,138.513221
1936400,早川町,35.46735383,138.3093892
1936500,身延町,35.41517619,138.4678217
1936600,山梨南部町,35.25931781,138.4617492
1936800,富士川町,35.543336,138.4027202
1938400,昭和町,35.62790429,138.5336305
1942200,道志村,35.50593702,139.0130201
1942300,西桂町,35.53093136,138.8357146
1942400,忍野村,35.45962621,138.8560388
1942500,山中湖村,35.42300239,138.8774597
1942900,鳴沢村,35.42779033,138.6982626
1943000,富士河口湖町,35.48703164,138.6879226
1944200,小菅村,35.74774024,138.9427732
1944300,丹波山村,35.80147231,138.9058573
2020100,長野市,36.64404206,138.101812
2020200,松本市,36.20154639,137.8141399
2020300,上田市,36.38352297,138.2418595
2020400,岡谷市,36.07917709,138.0480447
2020500,飯田市,35.43979583,137.9135202
2020600,諏訪市,36.02899859,138.1135607
2020700,須坂市,36.6099691,138.3488147
2020800,小諸市,36.33906851,138.4350364
2020900,伊那市,35.79079143,138.0740085
2021000,駒ヶ根市,35.72770638,137.9478254
2021100,中野市,36.76945861,138.3470699
2021200,大町市,36.50563338,137.7815182
2021300,飯山市,36.91303228,138.3841231
2021400,茅野市,36.0252242,138.2466704
2021500,塩尻市,36.03808661,137.9003111
2021700,佐久市,36.21577985,138.445286
2021800,千曲市,36.5062416,138.1235152
2021900,東御市,36.37387447,138.3686669
2022000,安曇野市,36.32795064,137.8400993
2030300,小海町,36.06866408,138.4592537
2030400,長野川上村,35.94171185,138.6185386
2030500,長野南牧村,35.98410719,138.4582893
2030600,南相木村,36.01854426,138.5859258
2030700,北相木村,36.06233426,138.5901098
2030900,佐久穂町,36.12235155,138.4745066
2032100,軽井沢町,36.35687028,138.5894121
2032300,御代田町,36.3340765,138.513139
2032400,立科町,36.21132112,138.295054
2034900,青木村,36.36439007,138.1051466
2035000,長和町,36.18818239,138.2161151
2036100,下諏訪町,36.11056681,138.1125402
2036200,富士見町,35.9007163,138.2499296
2036300,原村,35.96386094,138.2568954
2038200,辰野町,35.98406148,137.9426481
2038300,箕輪町,35.9242526,137.9925289
2038400,飯島町,35.67449597,137.8785448
2038500,南箕輪村,35.88613219,137.9178372
2038600,中川村,35.63916701,137.9764137
2038800,宮田村,35.77354752,137.8808061
2040200,松川町,35.60531073,137.9091763
2040300,長野高森町,35.57357218,137.8587686
2040400,阿南町,35.31714223,137.7638337
2040700,阿智村,35.44264524,137.6864019
2040900,平谷村,35.33334577,137.6347629
2041000,根羽村,35.25609254,137.6040766
2041100,下條村,35.39112036,137.7751747
2041200,売木村,35.26754957,137.6960508
2041300,天龍村,35.25390713,137.8215647
2041400,泰阜村,35.36328271,137.8609173
2041500,喬木村,35.48065858,137.9268515
2041600,豊丘村,35.53848841,137.9501625
2041700,大鹿村,35.5581966,138.0744477
2042200,上松町,35.76440128,137.6820411
2042300,南木曽町,35.60361116,137.6179297
2042500,木祖村,35.99653798,137.7602508
2042900,王滝村,35.81436601,137.4750279
2043000,大桑村,35.6908114,137.6911328
2043200,木曽町,35.89997896,137.6534547
2044600,麻績村,36.46287902,138.0367434
2044800,生坂村,36.43277456,137.9436303
2045000,山形村,36.16084564,137.8623028
2045100,朝日村,36.10486255,137.8297599
2045200,筑北村,36.42119854,138.0401016
2048100,長野池田町,36.42326704,137.8976979
2048200,松川村,36.41343466,137.826205
2048500,白馬村,36.69612248,137.8355699
2048600,小谷村,36.82581227,137.9158588
2052100,坂城町,36.45275445,138.1938679
2054100,小布施町,36.70271898,138.3160236
2054300,長野高山村,36.66230635,138.4232141
2056100,山ノ内町,36.75131738,138.5106389
2056200,木島平村,36.84048417,138.4661987
2056300,野沢温泉村,36.93151595,138.4670612
2058300,信濃町,36.81018168,138.1825346
2058800,小川村,36.63424836,137.9596208
2059000,飯綱町,36.75525774,138.2362891
2060200,栄村,36.87974584,138.586797
2120100,岐阜市,35.44826083,136.7646894
2120200,大垣市,35.3124427,136.5208018
2120300,高山市,36.13181313,137.2858415
2120400,多治見市,35.33398992,137.1125513
2120500,関市,35.6305023,136.8743377
2120600,中津川市,35.56655948,137.474325
2120700,美濃市,35.57892665,136.9011883
2120800,瑞浪市,35.38935871,137.2735919
2120900,羽島市,35.30740325,136.7015963
2121000,恵那市,35.3706933,137.4180897
2121100,美濃加茂市,35.48386096,137.026568
2121200,土岐市,35.32420858,137.2074442
2121300,各務原市,35.40283003,136.8782802
2121400,可児市,35.40589754,137.0660099
2121500,岐阜山県市,35.59892625,136.7430991
2121600,瑞穂市,35.39665741,136.6702195
2121700,飛騨市,36.33272578,137.2056791
2121800,本巣市,35.6555335,136.6198993
2121900,郡上市,35.83298499,136.9456049
2122000,下呂市,35.84199871,137.2380123
2122100,海津市,35.21380948,136.6244175
2130200,岐南町,35.38611102,136.7867686
2130300,笠松町,35.36595021,136.7694476
2134100,養老町,35.29112688,136.5644379
2136100,垂井町,35.38594613,136.5164049
2136200,関ケ原町,35.34801656,136.445829
2138100,神戸町,35.41572812,136.6091992
2138200,輪之内町,35.28599753,136.6349952
2138300,安八町,35.33664903,136.6627397
2140100,揖斐川町,35.60496806,136.4522241
2140300,大野町,35.46810844,136.6266906
2140400,岐阜池田町,35.44035542,136.5564247
2142100,北方町,35.43044908,136.6896633
2150100,坂祝町,35.43382559,136.9764617
2150200,富加町,35.49180672,136.9773707
2150300,川辺町,35.5106118,137.0815039
2150400,七宗町,35.57741652,137.1132471
2150500,八百津町,35.50078823,137.1862866
2150600,白川町,35.60668097,137.2628102
2150700,東白川村,35.64282697,137.3377055
2152100,御嵩町,35.43352195,137.1544487
2160400,白川村,36.21976513,136.8793947
2210100,静岡葵区,35.23959902,138.2642228
2210200,静岡駿河区,34.95176993,138.3823923
2210300,静岡清水区,35.09715661,138.485529
2213100,浜松中区,34.72906031,137.7195895
2213200,浜松東区,34.74979275,137.7779059
2213300,浜松西区,34.72874453,137.6368671
2213400,浜松南区,34.68083616,137.7473326
2213500,浜松北区,34.83670316,137.6403225
2213600,浜松浜北区,34.82075634,137.7823573
2213700,浜松天竜区,35.05981047,137.8849051
2220300,沼津市,35.07731059,138.8305571
2220500,熱海市,35.09064803,139.0632479
2220600,三島市,35.13939592,138.9488129
2220700,富士宮市,35.30254628,138.6088144
2220800,伊東市,34.93564173,139.087244
2220900,島田市,34.91220408,138.126608
2221000,富士市,35.20108169,138.699062
2221100,磐田市,34.74457335,137.8504979
2221200,焼津市,34.8402696,138.3013192
2221300,掛川市,34.77995378,138.0189518
2221400,藤枝市,34.91956654,138.2337833
2221500,御殿場市,35.29893167,138.8790136
2221600,袋井市,34.741827,137.9280426
2221900,下田市,34.70889581,138.9213612
2222000,裾野市,35.22551476,138.8773354
2222100,湖西市,34.7226947,137.5265482
2222200,伊豆市,34.92231494,138.925903
2222300,御前崎市,34.64836898,138.1482122
2222400,菊川市,34.73883096,138.1004664
2222500,伊豆の国市,35.03799393,138.9729462
2222600,牧之原市,34.73188852,138.1857154
2230100,東伊豆町,34.8265966,139.0282584
2230200,河津町,34.78613258,138.9525818
2230400,南伊豆町,34.66436248,138.8315044
2230500,松崎町,34.74582811,138.8204016
2230600,西伊豆町,34.82336502,138.8172787
2232500,函南町,35.11394707,138.9940157
2234100,静岡清水町,35.09745419,138.898697
2234200,長泉町,35.16605857,138.8710016
2234400,小山町,35.36004439,138.9192743
2242400,吉田町,34.77352864,138.2571542
2242900,川根本町,35.1636431,138.1033115
2246100,静岡森町,34.88656728,137.9475609
2310100,名古屋千種区,35.16975238,136.9617363
2310200,名古屋東区,35.18311205,136.9323406
2310300,名古屋北区,35.21117847,136.917886
2310400,名古屋西区,35.20719057,136.8833082
2310500,名古屋中村区,35.16686867,136.8601261
2310600,名古屋中区,35.163615,136.9053275
2310700,名古屋昭和区,35.14753757,136.9418848
2310800,名古屋瑞穂区,35.12582211,136.9374817
2310900,名古屋熱田区,35.12822132,136.9003756
2311000,名古屋中川区,35.13897143,136.8447317
2311100,名古屋港区,35.09446129,136.8523451
2311200,名古屋南区,35.09419353,136.9235152
2311300,名古屋守山区,35.22033468,136.9957782
2311400,名古屋緑区,35.07778912,136.9700032
2311500,名古屋名東区,35.16778136,137.005298
2311600,名古屋天白区,35.12265278,136.9837445
2320100,豊橋市,34.7398084,137.4068997
2320200,岡崎市,34.95106815,137.2582816
2320300,一宮市,35.30873862,136.7930418
2320400,瀬戸市,35.23815517,137.1167504
2320500,半田市,34.89956088,136.9263223
2320600,春日井市,35.27302775,137.0066998
2320700,豊川市,34.84726093,137.3608271
2320800,愛知津島市,35.16960513,136.7527231
2320900,碧南市,34.8782361,136.9917162
2321000,刈谷市,35.00290183,137.0174286
2321100,豊田市,35.14193352,137.3012286
2321200,安城市,34.94361095,137.0719126
2321300,西尾市,34.83222616,137.0701485
2321400,蒲郡市,34.82655297,137.2278088
2321500,犬山市,35.36167159,136.9804336
2321600,常滑市,34.88663109,136.8532922
2321700,愛知江南市,35.34315122,136.8703259
2321900,小牧市,35.29863925,136.9500782
2322000,稲沢市,35.23978714,136.7634874
2322100,新城市,34.96009129,137.5427159
2322200,東海市,35.02625075,136.8998693
2322300,大府市,35.01891503,136.9547694
2322400,知多市,34.9699624,136.8638665
2322500,知立市,34.99913756,137.0495763
2322600,尾張旭市,35.21700519,137.0365453
2322700,高浜市,34.93241123,136.9954606
2322800,岩倉市,35.27841042,136.8687547
2322900,豊明市,35.06057771,137.0102113
2323000,日進市,35.13754426,137.0511268
2323100,田原市,34.640926,137.1837645
2323200,愛西市,35.17181725,136.7112956
2323300,清須市,35.21324096,136.8476455
2323400,北名古屋市,35.24695151,136.8727527
2323500,弥富市,35.08150384,136.7610201
2323600,愛知みよし市,35.09424005,137.0888313
2323700,あま市,35.18842211,136.8034227
2323800,長久手市,35.17571847,137.0591245
2330200,東郷町,35.10099678,137.053683
2334200,豊山町,35.25085282,136.9163015
2336100,大口町,35.3313456,136.9108999
2336200,扶桑町,35.3609925,136.9134062
2342400,大治町,35.17342919,136.8223574
2342500,蟹江町,35.13030716,136.7852823
2342700,飛島村,35.06701028,136.8066302
2344100,阿久比町,34.93501186,136.9108792
2344200,東浦町,34.968828,136.9553987
2344500,南知多町,34.72753284,136.9223059
2344600,愛知美浜町,34.77781487,136.8898471
2344700,武豊町,34.84336835,136.9070852
2350100,幸田町,34.86213642,137.165873
2356100,設楽町,35.12263545,137.5547855
2356200,東栄町,35.08963231,137.6901407
2356300,豊根村,35.17143881,137.7394763
2420100,津市,34.65999826,136.366675
2420200,四日市市,34.97981162,136.5761731
2420300,伊勢市,34.46747094,136.7158259
2420400,松阪市,34.48669166,136.3569412
2420500,桑名市,35.0942022,136.6562117
2420700,鈴鹿市,34.89022998,136.5224051
2420800,名張市,34.60921828,136.1182695
2420900,尾鷲市,34.03691779,136.1829107
2421000,亀山市,34.86866282,136.3934419
2421100,鳥羽市,34.44552261,136.8582696
2421200,熊野市,33.92291838,136.0263767
2421400,いなべ市,35.16061186,136.5078714
2421500,志摩市,34.33795415,136.813376
2421600,伊賀市,34.74955977,136.1850356
2430300,木曽岬町,35.06539712,136.7401545
2432400,東員町,35.07950146,136.5897509
2434100,菰野町,35.04026568,136.4835732
2434300,三重朝日町,35.03637623,136.6614932
2434400,川越町,35.01998091,136.6804138
2444100,多気町,34.47020023,136.5015279
2444200,三重明和町,34.55045788,136.626486
2444300,大台町,34.31608974,136.2626545
2446100,玉城町,34.48092615,136.6206526
2447000,度会町,34.3902141,136.5786547
2447100,三重大紀町,34.31575065,136.4121178
2447200,南伊勢町,34.31114235,136.5847841
2454300,三重紀北町,34.1763969,136.2369468
2456100,三重御浜町,33.83999658,136.0093122
2456200,紀宝町,33.77195873,135.9694649
2520100,大津市,35.08769093,135.9125305
2520200,彦根市,35.2651866,136.205945
2520300,長浜市,35.50064161,136.2246789
2520400,近江八幡市,35.16510554,136.076511
2520600,草津市,35.02607931,135.937992
2520700,守山市,35.09015754,135.9698465
2520800,栗東市,34.99904109,136.0142191
2520900,甲賀市,34.91791587,136.1798849
2521000,野洲市,35.10364918,136.0203538
2521100,湖南市,34.99989461,136.0873775
2521200,高島市,35.37194013,135.986101
2521300,東近江市,35.10706413,136.2872883
2521400,米原市,35.38387167,136.3508625
2538300,滋賀日野町,35.01299038,136.2636766
2538400,竜王町,35.05757881,136.1133573
2542500,愛荘町,35.16923099,136.2479882
2544100,豊郷町,35.1983617,136.2317527
2544200,甲良町,35.20248143,136.2650937
2544300,多賀町,35.2107827,136.3443782
2610100,京都北区,35.10255038,135.7133931
2610200,京都上京区,35.02673141,135.7529131
2610300,京都左京区,35.16563851,135.796238
2610400,京都中京区,35.01035019,135.7467712
2610500,京都東山区,34.99102234,135.7787086
2610600,京都下京区,34.99288563,135.7505022
2610700,京都南区,34.96731591,135.7355842
2610800,京都右京区,35.1489719,135.6651318
2610900,京都伏見区,34.93694771,135.774781
2611000,京都山科区,34.9831804,135.8163949
2611100,京都西京区,34.97291111,135.6604758
2620100,福知山市,35.32404722,135.1133079
2620200,舞鶴市,35.47005095,135.3399849
2620300,綾部市,35.35263989,135.3446387
2620400,宇治市,34.90296543,135.8203876
2620500,宮津市,35.57187315,135.2068803
2620600,亀岡市,35.01021874,135.5389949
2620700,城陽市,34.84567614,135.7975969
2620800,向日市,34.94975245,135.7026792
2620900,長岡京市,34.92458012,135.6801117
2621000,八幡市,34.86663025,135.7146926
2621100,京田辺市,34.80655918,135.7585939
2621200,京丹後市,35.63083047,135.0458088
2621300,南丹市,35.22740008,135.5593799
2621400,木津川市,34.7512353,135.8477921
2630300,大山崎町,34.9021595,135.6871178
2632200,久御山町,34.88895991,135.7473171
2634300,井手町,34.81022387,135.8286972
2634400,宇治田原町,34.8549261,135.8875715
2636400,笠置町,34.76429817,135.9483372
2636500,和束町,34.81045552,135.9293763
2636600,精華町,34.75749358,135.7759408
2636700,南山城村,34.76612704,136.0024378
2640700,京丹波町,35.2232803,135.3910866
2646300,伊根町,35.71415077,135.2476788
2646500,与謝野町,35.51007477,135.1021974
2710200,大阪都島区,34.71192748,135.527214
2710300,大阪福島区,34.69389517,135.4753392
2710400,大阪此花区,34.66806635,135.4202013
2710600,大阪西区,34.67775638,135.4837533
2710700,大阪港区,34.66032522,135.4508414
2710800,大阪大正区,34.64410212,135.4663279
2710900,大阪天王寺区,34.65990667,135.5203548
2711100,大阪浪速区,34.65961514,135.4953574
2711300,大阪西淀川区,34.70388262,135.4411935
2711400,大阪東淀川区,34.743303,135.5308244
2711500,大阪東成区,34.67314156,135.5469153
2711600,大阪生野区,34.65236661,135.5443938
2711700,大阪旭区,34.72551501,135.5472667
2711800,大阪城東区,34.69661152,135.548929
2711900,大阪阿倍野区,34.63304183,135.5134949
2712000,大阪住吉区,34.60490182,135.5046821
2712100,大阪東住吉区,34.61901791,135.53162
2712200,大阪西成区,34.63864657,135.4900356
2712300,大阪淀川区,34.72903283,135.482161
2712400,大阪鶴見区,34.70347152,135.5754124
2712500,大阪住之江区,34.62049054,135.4471043
2712600,大阪平野区,34.6150417,135.5606999
2712700,大阪北区,34.70519502,135.5019065
2712800,大阪中央区,34.68011935,135.5141227
2714100,大阪堺市堺区,34.58114855,135.4689374
2714200,大阪堺市中区,34.52439379,135.5040898
2714300,大阪堺市東区,34.53557718,135.5341705
2714400,大阪堺市西区,34.54886318,135.4484046
2714500,大阪堺市南区,34.47580771,135.5065402
2714600,大阪堺市北区,34.5653337,135.5130944
2714700,大阪堺市美原区,34.53616668,135.5636554
2720200,岸和田市,34.42801414,135.4153151
2720300,豊中市,34.78191016,135.4727586
2720400,池田市,34.83444389,135.4382561
2720500,吹田市,34.78555412,135.5190707
2720600,泉大津市,34.50750184,135.4040134
2720700,高槻市,34.88079592,135.6079143
2720800,貝塚市,34.40107426,135.3850907
2720900,守口市,34.74175175,135.5763699
2721000,枚方市,34.81762911,135.6817045
2721100,茨木市,34.85588117,135.5499704
2721200,八尾市,34.62026345,135.6161883
2721300,泉佐野市,34.38035568,135.3353806
2721400,富田林市,34.48882846,135.5943057
2721500,寝屋川市,34.76539688,135.6269555
2721600,河内長野市,34.40547661,135.5669099
2721700,松原市,34.58021326,135.5511706
2721800,大東市,34.71284269,135.635749
2721900,大阪和泉市,34.43134998,135.4716356
2722000,箕面市,34.85590538,135.4792501
2722100,柏原市,34.57901724,135.6463577
2722200,羽曳野市,34.54815483,135.6059985
2722300,門真市,34.73214946,135.59934
2722400,摂津市,34.77600077,135.5695609
2722500,高石市,34.52882791,135.4296256
2722600,藤井寺市,34.57414695,135.6040172
2722700,東大阪市,34.67112442,135.6175967
2722800,泉南市,34.3540186,135.2894323
2722900,四條畷市,34.73242775,135.6678312
2723000,交野市,34.77215972,135.6869178
2723100,大阪狭山市,34.49645687,135.5489255
2723200,阪南市,34.33116715,135.2352001
2730100,島本町,34.89887362,135.6532442
2732100,豊能町,34.91382959,135.4822083
2732200,能勢町,34.98083748,135.4129547
2734100,忠岡町,34.49242316,135.3938729
2736100,熊取町,34.389034,135.3639787
2736200,田尻町,34.41699855,135.2577528
2736600,大阪岬町,34.30320517,135.1520333
2738100,大阪太子町,34.51764756,135.652693
2738200,河南町,34.48455143,135.6489661
2738300,千早赤阪村,34.43843675,135.6481219
2810100,神戸東灘区,34.72205769,135.2711114
2810200,神戸灘区,34.73398666,135.2280807
2810500,神戸兵庫区,34.67967106,135.165264
2810600,神戸長田区,34.66846647,135.1444368
2810700,神戸須磨区,34.67098165,135.106395
2810800,神戸垂水区,34.64943777,135.0596961
2810900,神戸北区,34.79620158,135.1714311
2811000,神戸中央区,34.68427664,135.2031603
2811100,神戸西区,34.71770861,135.0168081
2820100,姫路市,34.90066179,134.6650639
2820200,尼崎市,34.73427276,135.4113568
2820300,明石市,34.68294852,134.940417
2820400,西宮市,34.78442448,135.312736
2820500,洲本市,34.3390168,134.8546424
2820600,芦屋市,34.74577348,135.2997237
2820700,伊丹市,34.7854155,135.4067981
2820800,相生市,34.84057727,134.4556773
2820900,豊岡市,35.51286826,134.8265055
2821000,加古川市,34.79150893,134.8510729
2821200,赤穂市,34.78886917,134.3725312
2821300,西脇市,35.00921908,134.9948732
2821400,宝塚市,34.85412334,135.3354518
2821500,三木市,34.83530157,135.058944
2821600,高砂市,34.77521129,134.785787
2821700,川西市,34.87747296,135.4110454
2821800,小野市,34.85874311,134.9515076
2821900,三田市,34.95210916,135.2175297
2822000,加西市,34.92323913,134.8541597
2822100,丹波篠山市,35.07347576,135.2317115
2822200,養父市,35.353056,134.6859343
2822300,丹波市,35.17460541,135.0494614
2822400,南あわじ市,34.2738851,134.7649775
2822500,朝来市,35.26091643,134.8255817
2822600,淡路市,34.49467322,134.9132913
2822700,宍粟市,35.15371849,134.5452309
2822800,加東市,34.92772022,135.0224997
2822900,たつの市,34.88769565,134.5188102
2830100,猪名川町,34.94612675,135.3497984
2836500,多可町,35.08361158,134.9048891
2838100,兵庫稲美町,34.75240353,134.9234914
2838200,播磨町,34.71299451,134.8644401
2844200,市川町,35.01413685,134.7812999
2844300,福崎町,34.96300555,134.7510026
2844600,兵庫神河町,35.11056132,134.7688073
2846400,兵庫太子町,34.83325796,134.5910379
2848100,上郡町,34.88654836,134.3503835
2850100,佐用町,35.0202948,134.3705459
2858500,兵庫香美町,35.52330569,134.5903259
2858600,新温泉町,35.55967003,134.4827221
2920100,奈良市,34.67447918,135.8909406
2920200,大和高田市,34.51008229,135.7437415
2920300,大和郡山市,34.63391937,135.7747243
2920400,天理市,34.59561761,135.8642681
2920500,橿原市,34.50139659,135.7899388
2920600,桜井市,34.52144846,135.8796912
2920700,五條市,34.2568532,135.7504382
2920800,御所市,34.43317497,135.7209588
2920900,生駒市,34.70792641,135.7103709
2921000,香芝市,34.54861479,135.6900317
2921100,葛城市,34.49682911,135.7046308
2921200,宇陀市,34.52035877,135.9978595
2932200,山添村,34.66414823,136.0268916
2934200,平群町,34.63308602,135.6883404
2934300,三郷町,34.60356072,135.6839306
2934400,斑鳩町,34.61393528,135.7305228
2934500,安堵町,34.60181068,135.755376
2936100,奈良川西町,34.58781133,135.7723859
2936200,三宅町,34.57362113,135.7739168
2936300,田原本町,34.55406265,135.793776
2938500,曽爾村,34.5183548,136.1227261
2938600,御杖村,34.47773695,136.1594362
2940100,高取町,34.43813677,135.7947985
2940200,明日香村,34.45891645,135.8281302
2942400,上牧町,34.56549105,135.715454
2942500,王寺町,34.58468285,135.6959131
2942600,広陵町,34.55072153,135.7467814
2942700,河合町,34.58007768,135.7321477
2944100,吉野町,34.39870657,135.8935829
2944200,大淀町,34.4028897,135.7985321
2944300,下市町,34.33776445,135.8068346
2944400,黒滝村,34.30800724,135.8639376
2944600,天川村,34.22717758,135.8684099
2944700,野迫川村,34.13609537,135.6445385
2944900,十津川村,34.01066687,135.7642698
2945000,下北山村,34.04535459,135.9523236
2945100,上北山村,34.13756284,136.020487
2945200,奈良川上村,34.29268315,136.0204368
2945300,東吉野村,34.40663321,136.0279196
3020100,和歌山市,34.24173414,135.1969489
3020200,海南市,34.14117446,135.2254184
3020300,橋本市,34.32270757,135.61014
3020400,有田市,34.08225432,135.1418672
3020500,御坊市,33.88040605,135.1759981
3020600,田辺市,33.82625686,135.5775916
3020700,新宮市,33.7661593,135.8592108
3020800,紀の川市,34.25410726,135.3940693
3020900,岩出市,34.28090819,135.305579
3030400,紀美野町,34.1539779,135.3893559
3034100,かつらぎ町,34.2364774,135.5124026
3034300,九度山町,34.26612134,135.5800557
3034400,高野町,34.2144022,135.6090838
3036100,湯浅町,34.03552888,135.1925279
3036200,和歌山広川町,33.99117728,135.207085
3036600,有田川町,34.07192105,135.3664036
3038100,和歌山美浜町,33.89559769,135.1154812
3038200,和歌山日高町,33.93282117,135.1218535
3038300,由良町,33.9758679,135.1217872
3039000,和歌山印南町,33.85632039,135.2787466
3039100,みなべ町,33.82953277,135.3498614
3039200,日高川町,33.9596932,135.3584765
3040100,白浜町,33.63633919,135.4721841
3040400,上富田町,33.7063006,135.4572653
3040600,すさみ町,33.57159688,135.5705076
3042100,那智勝浦町,33.64247232,135.8752161
3042200,太地町,33.59204515,135.9414614
3042400,古座川町,33.61114863,135.7356022
3042700,北山村,33.95987392,135.9514492
3042800,串本町,33.51433035,135.7639836
3120100,鳥取市,35.42981646,134.158153
3120200,米子市,35.43413215,133.3592175
3120300,倉吉市,35.39054878,133.7455921
3120400,境港市,35.51884653,133.2312646
3130200,岩美町,35.54458636,134.3626047
3132500,鳥取若桜町,35.32270114,134.4404241
3132800,智頭町,35.24960288,134.2626761
3132900,八頭町,35.38144892,134.3208609
3136400,三朝町,35.35270957,133.8939326
3137000,湯梨浜町,35.47268729,133.9092807
3137100,琴浦町,35.45028311,133.6409221
3137200,北栄町,35.47586804,133.7688525
3138400,日吉津村,35.44393992,133.3794707
3138600,大山町,35.4527575,133.5287604
3138900,鳥取南部町,35.32054915,133.3500944
3139000,伯耆町,35.33330087,133.4418231
3140100,日南町,35.15761942,133.2612484
3140200,鳥取日野町,35.20971833,133.4149134
3140300,江府町,35.29336883,133.5210716
3220100,松江市,35.46794667,133.068837
3220200,浜田市,34.82179852,132.1411793
3220300,出雲市,35.3454646,132.7546182
3220400,益田市,34.6242482,131.9441754
3220500,大田市,35.13566085,132.4942659
3220600,安来市,35.33394253,133.1995412
3220700,江津市,34.97487938,132.2956854
3220900,雲南市,35.24359426,132.8954607
3234300,奥出雲町,35.15788491,133.0416271
3238600,飯南町,35.06105195,132.7371186
3244100,川本町,34.9904112,132.4781844
3244800,島根美郷町,35.02958217,132.5991384
3244900,邑南町,34.87679822,132.5016973
3250100,津和野町,34.51257603,131.8083424
3250500,吉賀町,34.39445724,131.8918729
3252500,海士町,36.08465278,133.1003606
3252600,西ノ島町,36.09641494,133.0158464
3252700,知夫村,36.01419919,133.0321186
3252800,隠岐の島町,36.25213998,133.2780584
3310100,岡山北区,34.77199864,133.8810552
3310200,岡山中区,34.66085577,133.9659392
3310300,岡山東区,34.67674442,134.0503481
3310400,岡山南区,34.58398795,133.9052199
3320200,倉敷市,34.55757329,133.7464991
3320300,津山市,35.13855243,134.0299406
3320400,玉野市,34.5173125,133.9359624
3320500,笠岡市,34.50130552,133.5117222
3320700,井原市,34.65033109,133.4736992
3320800,総社市,34.70269902,133.7021635
3320900,高梁市,34.81719304,133.5225338
3321000,新見市,35.01571784,133.4489957
3321100,備前市,34.79316703,134.2340366
3321200,瀬戸内市,34.66535019,134.1416348
3321300,赤磐市,34.83367284,134.0394772
3321400,真庭市,35.13548958,133.6935665
3321500,美作市,35.04283657,134.2299448
3321600,浅口市,34.5360562,133.5945568
3334600,和気町,34.83869286,134.1378733
3342300,早島町,34.60849821,133.8229046
3344500,里庄町,34.5131348,133.5567811
3346100,矢掛町,34.63099703,133.5898156
3358600,新庄村,35.20322633,133.5604116
3360600,鏡野町,35.20610402,133.9088921
3362200,勝央町,35.0579403,134.130311
3362300,奈義町,35.13624137,134.1844991
3364300,西粟倉村,35.19330437,134.3409445
3366300,久米南町,34.92239589,133.9578276
3366600,岡山美咲町,34.9836462,133.93829
3368100,吉備中央町,34.8585654,133.7509855
3410100,広島中区,34.38110216,132.4491279
3410200,広島東区,34.4285015,132.5140289
3410300,広島南区,34.35890763,132.4729915
3410400,広島西区,34.39322156,132.4162312
3410500,広島安佐南区,34.46884268,132.4104434
3410600,広島安佐北区,34.53648848,132.5269277
3410700,広島安芸区,34.39830328,132.5906394
3410800,広島佐伯区,34.45869704,132.294986
3420200,呉市,34.22368808,132.6303757
3420300,竹原市,34.36791131,132.8820992
3420400,三原市,34.45638111,133.0039321
3420500,尾道市,34.42705339,133.1627548
3420700,福山市,34.52074396,133.3358763
3420800,広島府中市,34.63649074,133.1750556
3420900,広島三次市,34.79310837,132.866076
3421000,庄原市,34.94558698,133.0665081
3421100,大竹市,34.26058737,132.1885543
3421200,東広島市,34.44761339,132.7610767
3421300,廿日市市,34.39776262,132.1858329
3421400,安芸高田市,34.70291986,132.6784689
3421500,江田島市,34.21437874,132.443949
3430200,府中町,34.39750083,132.5173904
3430400,海田町,34.366766,132.5528596
3430700,熊野町,34.34576989,132.5916661
3430900,坂町,34.32441705,132.5139195
3436800,安芸太田町,34.60313583,132.2560889
3436900,北広島町,34.7070943,132.401155
3443100,大崎上島町,34.24247355,132.8924114
3446200,世羅町,34.6141217,133.0168062
3454500,神石高原町,34.75540037,133.2615752
3520100,下関市,34.1687063,130.9909593
3520200,宇部市,34.04444032,131.2752832
3520300,山口市,34.23362745,131.5762729
3520400,萩市,34.43198672,131.5095131
3520600,防府市,34.06899461,131.571503
3520700,下松市,34.03002449,131.8843918
3520800,岩国市,34.20577967,132.0667773
3521000,光市,33.98021631,131.9777332
3521100,長門市,34.34957007,131.146036
3521200,柳井市,33.95722459,132.1370117
3521300,美祢市,34.20950547,131.2525405
3521500,周南市,34.14897199,131.826641
3521600,山陽小野田市,34.04039011,131.1575834
3530500,周防大島町,33.9147787,132.2825089
3532100,和木町,34.19564032,132.2116064
3534100,上関町,33.80637435,132.0705271
3534300,田布施町,33.95196615,132.0305677
3534400,平生町,33.91639312,132.0879016
3550200,阿武町,34.53080655,131.5528917
3620100,徳島市,34.04969775,134.5243017
3620200,鳴門市,34.18780968,134.549608
3620300,小松島市,33.98419774,134.5956366
3620400,阿南市,33.87711368,134.6065251
3620500,吉野川市,34.03705954,134.2835344
3620600,阿波市,34.12183957,134.288956
3620700,美馬市,34.01889894,134.1433212
3620800,徳島三好市,33.93346931,133.8518104
3630100,勝浦町,33.92859568,134.4895505
3630200,上勝町,33.9001832,134.3833391
3632100,佐那河内村,33.98253457,134.4525343
3634100,石井町,34.07799395,134.4335666
3634200,神山町,33.97697671,134.3371159
3636800,那賀町,33.80012839,134.2629345
3638300,牟岐町,33.68664203,134.4172061
3638700,美波町,33.75304101,134.5119017
3638800,海陽町,33.64574193,134.2732033
3640100,松茂町,34.1352353,134.5928487
3640200,北島町,34.12741165,134.5499614
3640300,藍住町,34.12656089,134.4944474
3640400,板野町,34.1526169,134.4523585
3640500,上板町,34.13076548,134.4060853
3646800,つるぎ町,33.96246123,134.053674
3648900,東みよし町,34.0355869,133.9178865
3720100,高松市,34.26933716,134.05412
3720200,丸亀市,34.28321892,133.8158004
3720300,坂出市,34.32338701,133.8921444
3720400,善通寺市,34.22418143,133.7777511
3720500,観音寺市,34.07935991,133.6747686
3720600,さぬき市,34.26630381,134.2131647
3720700,東かがわ市,34.21195392,134.3331407
3720800,三豊市,34.16228224,133.7246272
3732200,土庄町,34.50741632,134.1984081
3732400,小豆島町,34.49067073,134.2938291
3734100,三木町,34.23338964,134.138178
3736400,直島町,34.46754735,133.9889149
3738600,宇多津町,34.30874558,133.8263399
3738700,綾川町,34.20997438,133.9623606
3740300,琴平町,34.19545278,133.8181247
3740400,多度津町,34.27045435,133.7279656
3740600,まんのう町,34.1412403,133.9123735
3820100,松山市,33.8830389,132.7910248
3820200,今治市,34.07858706,132.9759262
3820300,宇和島市,33.17730825,132.5552326
3820400,八幡浜市,33.47175253,132.4313317
3820500,新居浜市,33.90068222,133.3296416
3820600,西条市,33.86133374,133.112243
3820700,大洲市,33.52017522,132.5982735
3821000,伊予市,33.6816691,132.689414
3821300,四国中央市,33.9355595,133.5361505
3821400,西予市,33.39410625,132.6326929
3821500,東温市,33.80370723,132.926742
3835600,上島町,34.25161118,133.1930352
3838600,久万高原町,33.63560809,132.9849666
3840100,愛媛松前町,33.79177541,132.7256308
3840200,砥部町,33.69498677,132.7891841
3842200,内子町,33.56964481,132.7570546
3844200,伊方町,33.43393868,132.2130215
3848400,松野町,33.20531888,132.7117163
3848800,愛媛鬼北町,33.29987525,132.7495137
3850600,愛南町,32.98853813,132.5813364
3920100,高知市,33.58030385,133.5082309
3920200,室戸市,33.38350075,134.1482842
3920300,安芸市,33.58795591,133.954318
3920400,南国市,33.60981086,133.6252913
3920500,土佐市,33.47525486,133.3900431
3920600,須崎市,33.41167786,133.3040093
3920800,宿毛市,32.96134334,132.7342821
3920900,土佐清水市,32.82697402,132.8955532
3921000,四万十市,33.08153739,132.8522006
3921100,高知香南市,33.58351865,133.7801328
3921200,香美市,33.70811217,133.8531844
3930100,東洋町,33.51793018,134.2407264
3930200,奈半利町,33.42035087,134.0564185
3930300,田野町,33.43886555,134.012556
3930400,安田町,33.48783857,134.0071469
3930500,北川村,33.51738052,134.118525
3930600,馬路村,33.6227737,134.0896835
3930700,芸西村,33.54858897,133.8271717
3934100,本山町,33.79189276,133.5816257
3934400,大豊町,33.79156239,133.7205034
3936300,土佐町,33.73356568,133.4823891
3936400,大川村,33.80065993,133.4128931
3938600,いの町,33.68078054,133.3120917
3938700,仁淀川町,33.58244155,133.1308396
3940100,中土佐町,33.33916229,133.1669948
3940200,佐川町,33.49733969,133.2739429
3940300,越知町,33.54295961,133.2218184
3940500,梼原町,33.39567818,132.9254812
3941000,日高村,33.53896816,133.3543101
3941100,高知津野町,33.42318806,133.0851295
3941200,四万十町,33.23354667,133.0203851
3942400,大月町,32.81445984,132.7085485
3942700,三原村,32.90249848,132.8515222
3942800,黒潮町,33.08405699,133.0594367
4010100,北九州門司区,33.90774532,130.9709736
4010300,北九州若松区,33.91566388,130.7518875
4010500,北九州戸畑区,33.90110314,130.8347706
4010600,北九州小倉北区,33.87919114,130.8762023
4010700,北九州小倉南区,33.79903131,130.8830101
4010800,北九州八幡東区,33.84979952,130.8089453
4010900,北九州八幡西区,33.83199069,130.7472795
4013100,福岡東区,33.6566522,130.4184224
4013200,福岡博多区,33.58002651,130.4433075
4013300,福岡中央区,33.58402379,130.3863344
4013400,福岡南区,33.54159317,130.4100387
4013500,福岡西区,33.58497998,130.2695026
4013600,福岡城南区,33.5488228,130.370354
4013700,福岡早良区,33.49619112,130.3409193
4020200,大牟田市,33.04608334,130.4689842
4020300,久留米市,33.30538867,130.5671026
4020400,直方市,33.75116978,130.7459046
4020500,飯塚市,33.61353468,130.6609731
4020600,田川市,33.63160651,130.799595
4020700,柳川市,33.14818396,130.4096397
4021000,八女市,33.1987696,130.7019995
4021100,筑後市,33.20748982,130.4912128
4021200,大川市,33.2057807,130.3818423
4021300,行橋市,33.71385216,130.9711108
4021400,豊前市,33.56864612,131.077631
4021500,中間市,33.82049395,130.7065972
4021600,小郡市,33.40033271,130.564419
4021700,筑紫野市,33.48514685,130.543861
4021800,春日市,33.524041,130.4564023
4021900,大野城市,33.51302744,130.4792353
4022000,宗像市,33.82302647,130.5443674
4022100,太宰府市,33.52018789,130.5251564
4022300,福岡古賀市,33.72140416,130.4994308
4022400,福津市,33.7799646,130.4977119
4022500,うきは市,33.31183933,130.7932356
4022600,宮若市,33.71558908,130.6150464
4022700,嘉麻市,33.53663633,130.7402677
4022800,朝倉市,33.41684496,130.7416608
4022900,みやま市,33.12602006,130.4962044
4023000,糸島市,33.53332415,130.1804027
4023100,那珂川市,33.46477023,130.4220641
4034100,宇美町,33.5629151,130.5368827
4034200,篠栗町,33.62456014,130.5471609
4034300,志免町,33.58756473,130.4762871
4034400,須恵町,33.59236251,130.5186919
4034500,新宮町,33.70201469,130.4571444
4034800,久山町,33.6668209,130.5167045
4034900,粕屋町,33.61583966,130.4745494
4038100,芦屋町,33.89134551,130.6629746
4038200,水巻町,33.85573058,130.6938819
4038300,岡垣町,33.85418436,130.6046451
4038400,遠賀町,33.84577446,130.6626203
4040100,小竹町,33.7049431,130.7043893
4040200,鞍手町,33.78418655,130.6696998
4042100,桂川町,33.57454659,130.6796256
4044700,筑前町,33.46087878,130.6192225
4044800,東峰村,33.43709776,130.8492308
4050300,大刀洗町,33.38094765,130.6149816
4052200,大木町,33.21261296,130.4408441
4054400,福岡広川町,33.25213178,130.5725607
4060100,香春町,33.68471277,130.8547685
4060200,添田町,33.51399753,130.8790453
4060400,糸田町,33.65546475,130.7726387
4060500,福岡川崎町,33.57052728,130.814614
4060800,大任町,33.61217806,130.8517653
4060900,赤村,33.60659323,130.8878586
4061000,福智町,33.70144393,130.7862574
4062100,苅田町,33.771333,130.9688585
4062500,みやこ町,33.62947631,130.9360193
4064200,吉富町,33.60548542,131.1704921
4064600,上毛町,33.54151301,131.1400053
4064700,築上町,33.60835404,131.0158278
4120100,佐賀市,33.3250186,130.2650423
4120200,唐津市,33.41718936,129.998126
4120300,鳥栖市,33.37875092,130.4916663
4120400,多久市,33.27630581,130.1053118
4120500,伊万里市,33.3017756,129.8877181
4120600,武雄市,33.20156623,129.9977321
4120700,佐賀鹿島市,33.05930906,130.0940341
4120800,小城市,33.2789226,130.1965547
4120900,嬉野市,33.09491219,130.0152946
4121000,神埼市,33.34747098,130.3514679
4132700,吉野ヶ里町,33.36357906,130.3965036
4134100,基山町,33.42597468,130.5094852
4134500,上峰町,33.33829193,130.4218611
4134600,みやき町,33.32463713,130.4445607
4138700,玄海町,33.47686701,129.8676367
4140100,有田町,33.19928674,129.8649006
4142300,大町町,33.21752327,130.114953
4142400,江北町,33.21908828,130.1573269
4142500,白石町,33.16487877,130.1462574
4144100,太良町,32.99491403,130.1515748
4220100,長崎市,32.78197576,129.8270704
4220201,佐世保市,33.20426292,129.6799323
4220300,島原市,32.79439769,130.3292976
4220400,諫早市,32.86916828,130.0695589
4220500,大村市,32.93977401,129.9929849
4220700,平戸市,33.31598554,129.4868357
4220800,松浦市,33.35345983,129.7350026
4220900,長崎対馬市,34.40868838,129.3259372
4221000,壱岐市,33.78557329,129.7167417
4221100,五島市,32.69924717,128.7689347
4221200,西海市,32.9926329,129.68193
4221300,雲仙市,32.78620965,130.2265822
4221400,南島原市,32.67568188,130.2571038
4230700,長与町,32.83057141,129.8841793
4230800,時津町,32.83873497,129.8299152
4232100,東彼杵町,33.03417233,129.9574021
4232200,川棚町,33.08164274,129.870103
4232300,波佐見町,33.13240844,129.8990952
4238300,小値賀町,33.19616277,129.0708042
4239100,佐々町,33.24458095,129.6563629
4241100,新上五島町,32.95275452,129.0686023
4310100,熊本中央区,32.79933056,130.7224534
4310200,熊本東区,32.8043013,130.775713
4310300,熊本西区,32.8101716,130.6417139
4310400,熊本南区,32.72578727,130.6913195
4310500,熊本北区,32.89057388,130.698775
4320200,八代市,32.49057345,130.7502164
4320300,人吉市,32.16367043,130.7495987
4320400,荒尾市,32.97614502,130.4754736
4320500,水俣市,32.17058857,130.4620292
4320600,玉名市,32.91553346,130.5601527
4320800,山鹿市,33.0558787,130.7230833
4321000,菊池市,32.99108664,130.8552216
4321100,宇土市,32.68084067,130.6130481
4321200,上天草市,32.49570667,130.4082653
4321300,宇城市,32.62667863,130.6547971
4321400,阿蘇市,32.95608401,131.0945697
4321500,天草市,32.38516625,130.1501819
4321600,合志市,32.89305182,130.7686695
4334800,熊本美里町,32.61357861,130.871531
4336400,玉東町,32.90173656,130.6290966
4336700,南関町,33.03515161,130.5501062
4336800,長洲町,32.92850147,130.46807
4336900,和水町,33.04117999,130.6141215
4340300,大津町,32.89579098,130.9051384
4340400,菊陽町,32.85922108,130.8237144
4342300,南小国町,33.06804229,131.0905378
4342400,熊本小国町,33.14259735,131.0711068
4342500,産山村,33.01072178,131.2052551
4342800,熊本高森町,32.84048711,131.2029702
4343200,西原村,32.82229503,130.9314191
4343300,南阿蘇村,32.84409491,131.0373045
4344100,御船町,32.73063018,130.8575273
4344200,嘉島町,32.74601012,130.7555752
4344300,益城町,32.78749151,130.8339866
4344400,甲佐町,32.67197062,130.8170391
4344700,山都町,32.69910876,131.0492082
4346800,氷川町,32.57507034,130.675942
4348200,芦北町,32.29159214,130.5412682
4348400,津奈木町,32.2414646,130.4603827
4350100,錦町,32.18242872,130.8491186
4350500,多良木町,32.2434564,130.9924829
4350600,湯前町,32.2715211,131.0115398
4350700,水上村,32.36521256,131.01703
4351000,相良村,32.30278178,130.8294671
4351100,五木村,32.42014981,130.8400667
4351200,山江村,32.31488478,130.7567586
4351300,球磨村,32.26088319,130.6509441
4351400,あさぎり町,32.20875657,130.9189616
4353100,苓北町,32.48587304,130.0716923
4420100,大分市,33.17960539,131.6406592
4420200,別府市,33.2857652,131.4528747
4420300,中津市,33.46477971,131.126581
4420400,日田市,33.24452694,130.9506194
4420500,佐伯市,32.88604039,131.7762144
4420600,臼杵市,33.07228316,131.7446145
4420700,津久見市,33.07031933,131.8671177
4420800,竹田市,32.99774601,131.3272355
4420900,豊後高田市,33.57573757,131.5068939
4421000,杵築市,33.44726634,131.5367673
4421100,宇佐市,33.44999751,131.3365811
4421200,豊後大野市,32.97249596,131.5120889
4421300,由布市,33.20855453,131.3841558
4421400,国東市,33.56428428,131.6506355
4432200,姫島村,33.72796112,131.6637205
4434100,日出町,33.37629516,131.5275331
4446100,九重町,33.19244401,131.2126221
4446200,玖珠町,33.3044183,131.1614375
4520100,宮崎市,31.89211226,131.3584607
4520200,都城市,31.80920763,131.0790341
4520300,延岡市,32.67237547,131.6431442
4520400,日南市,31.64998556,131.3310827
4520500,小林市,32.03410949,131.040214
4520600,日向市,32.37716255,131.5230705
4520700,串間市,31.48569325,131.2648325
4520800,西都市,32.17285517,131.3154445
4520900,えびの市,32.04628699,130.8388547
4534100,三股町,31.73105746,131.1770254
4536100,高原町,31.92275251,130.9976842
4538200,国富町,32.03898595,131.2876595
4538300,綾町,32.03166071,131.2085422
4540100,高鍋町,32.13147524,131.5024846
4540200,新富町,32.08196268,131.4661567
4540300,西米良村,32.22613781,131.1591509
4540400,木城町,32.2445572,131.3979085
4540500,川南町,32.20935462,131.5036615
4540600,宮崎都農町,32.27847403,131.5074969
4542100,門川町,32.49141862,131.5920722
4542900,諸塚村,32.55824919,131.3061235
4543000,椎葉村,32.46167815,131.1429838
4543100,宮崎美郷町,32.44004265,131.3711556
4544100,高千穂町,32.74684055,131.3145729
4544200,日之影町,32.69164716,131.4136024
4544300,五ヶ瀬町,32.64372999,131.1898526
4620100,鹿児島市,31.5790862,130.5282982
4620300,鹿屋市,31.42667502,130.8673769
4620400,枕崎市,31.29021609,130.3108692
4620600,阿久根市,32.01642294,130.2330995
4620800,鹿児島出水市,32.06346215,130.3638989
4621000,指宿市,31.23026379,130.5831208
4621300,西之表市,30.705029,131.0157657
4621400,垂水市,31.51183973,130.7630221
4621501,薩摩川内市,31.82386735,130.2593005
4621600,日置市,31.59930869,130.3820589
4621700,曽於市,31.65615294,130.9746934
4621800,霧島市,31.80551876,130.7817737
4621900,いちき串木野市,31.73276968,130.2888315
4622000,南さつま市,31.387973,130.2696345
4622100,志布志市,31.53141739,131.0916674
4622200,奄美市,28.34465287,129.5011376
4622300,南九州市,31.34041342,130.4367692
4622400,伊佐市,32.05835344,130.6010277
4622500,姶良市,31.78109513,130.5960741
4630300,三島村,30.81294806,130.1350891
4630400,鹿児島十島村,29.68882338,129.7129535
4639200,さつま町,31.93753955,130.4760259
4640400,長島町,32.18622149,130.166462
4645200,湧水町,31.96884259,130.7286133
4646800,大崎町,31.46428559,130.974681
4648200,東串良町,31.3829401,130.9886653
4649000,錦江町,31.21693472,130.8581621
4649100,南大隅町,31.12199999,130.7736389
4649200,肝付町,31.2650474,130.9913734
4650100,中種子町,30.53764517,130.9596476
4650200,南種子町,30.4124717,130.9091324
4650500,屋久島町,30.34688899,130.5013784
4652300,大和村,28.32998557,129.3570227
4652400,宇検村,28.27189859,129.2736997
4652500,瀬戸内町,28.15688452,129.2856296
4652700,龍郷町,28.41011599,129.5802984
4652900,喜界町,28.32293348,129.9724955
4653000,徳之島町,27.7945751,128.9735853
4653100,天城町,27.80217913,128.9226001
4653200,伊仙町,27.70387015,128.9417439
4653300,和泊町,27.3999062,128.6391846
4653400,知名町,27.36507896,128.5657421
4653500,与論町,27.04283503,128.4308406
4720100,那覇市,26.2110546,127.6861617
4720500,宜野湾市,26.27452069,127.7559235
4720700,石垣市,24.46530777,124.1885948
4720800,浦添市,26.25121601,127.7146782
4720900,名護市,26.58513773,128.0245699
4721000,糸満市,26.11807978,127.6866973
4721100,沖縄市,26.35229724,127.8081088
4721200,豊見城市,26.17349611,127.6791988
4721300,うるま市,26.36745561,127.8740867
4721400,宮古島市,24.78582946,125.3011942
4721500,南城市,26.16374439,127.7788065
4730100,国頭村,26.76166945,128.2547258
4730200,大宜味村,26.67152378,128.1386655
4730300,東村,26.64854914,128.1896941
4730600,今帰仁村,26.68006846,127.9670384
4730800,本部町,26.65848553,127.9089822
4731100,恩納村,26.4759525,127.8527203
4731300,宜野座村,26.49480863,127.9664791
4731400,金武町,26.46514993,127.9018356
4731500,伊江村,26.72174692,127.7894789
4732400,読谷村,26.3999968,127.7462579
4732500,嘉手納町,26.36438557,127.7672239
4732600,北谷町,26.32135099,127.7644232
4732700,北中城村,26.30334529,127.7972616
4732800,中城村,26.26349532,127.7877448
4732900,西原町,26.22938031,127.7592705
4734800,与那原町,26.20208839,127.7582293
4735000,南風原町,26.19420055,127.7286556
4735300,渡嘉敷村,26.19636365,127.3734997
4735400,座間味村,26.20946943,127.287127
4735500,粟国村,26.58767932,127.2293681
4735600,渡名喜村,26.36604672,127.1439356
4735700,南大東村,25.84316167,131.242764
4735800,北大東村,25.81509805,131.2966715
4735900,伊平屋村,27.04718654,127.9706962
4736000,伊是名村,26.93303919,127.93656
4736100,久米島町,26.4104768,126.8328004
4736200,八重瀬町,26.13846749,127.7265628
4737500,多良間村,24.66665755,124.6988108
4738100,竹富町,24.32194426,123.8281775
4738200,与那国町,24.45537056,122.9889668